<?xml version="1.0" encoding="UTF-8" ?>
<!-- This file was written by IceGrid Admin -->
<icegrid>
	<application name="xsango">
		<server-template id="Glacier2">
			<parameter name="instance-name" default="${application}.Glacier2" />
			<parameter name="client-endpoints" />
			<parameter name="server-endpoints" />
			<parameter name="session-timeout" default="30" />
			<parameter name="session-manager" />
			<parameter name="permissions-verifier" default="Glacier2/NullPermissionsVerifier" />
			<server id="${instance-name}" activation="manual" exe="glacier2router">
				<properties>
					<property name="Ice.Admin.Endpoints" value="tcp -h 127.0.0.1" />
					<property name="Glacier2.Client.Endpoints" value="${client-endpoints}" />
					<property name="Glacier2.Server.Endpoints" value="${server-endpoints}" />
					<property name="Glacier2.Server.AlwaysBatch" value="1" />
					<property name="Glacier2.InstanceName" value="Glacier2" />
					<property name="Glacier2.SessionTimeout" value="${session-timeout}" />
					<property name="Ice.Warn.Connections" value="0" />
					<property name="Glacier2.SessionManager" value="${session-manager}" />
					<property name="Glacier2.PermissionsVerifier" value="${permissions-verifier}" />
				        <property name="Glacier2.AddConnectionContext"  value="1" />
				</properties>
			</server>
		</server-template>
		<server-template id="game_server">
			<parameter name="instance-name" default="${application}.game" />
			<parameter name="game-endpoints" />
			<parameter name="admin-endpoints" default="tcp -h localhost" />
			<parameter name="game-path" />
			<parameter name="delimiter" default=":" />
			<server id="${instance-name}" activation="manual" exe="java">
				<option>-Xmn1024m</option>
				<option>-Xms3072m</option>
				<option>-Xmx7144m</option>
				<option>-cp</option>
				<option>${game-path}</option>
				<option>com.morefun.XSanGo.ServerLancher</option>
				<adapter name="GameAdapter" endpoints="${game-endpoints}">
					<object identity="${instance-name}.GameSessionManager" type="GameSessionManager"
						property="Identity" />
					<object identity="${instance-name}.GamePermissionsVerifier"
						type="GamePermissionsVerifier" property="Identity" />
				</adapter>
				<adapter name="AdminAdapter" endpoints="${admin-endpoints}">
					<object identity="${instance-name}.Center" type="Center"
						property="Identity" />
				</adapter>

				<properties>
					<property name="Ice.Admin.Endpoints" value="" />
					<property name="Ice.ThreadPool.Server.Serialize" value="1" />
					<property name="Ice.ThreadPool.Server.Size" value="10" />
					<property name="Ice.ThreadPool.Server.SizeMax" value="20" />
					<property name="Ice.Warn.Connections" value="0" />
					<property name="Ice.Trace.Network" value="0" />
					<property name="Ice.Trace.Protocol" value="0" />
				</properties>
			</server>
		</server-template>

		<server-template id="center">
			<parameter name="instance-name" default="${application}.center" />
			<parameter name="login-endpoints" />
			<parameter name="admin-endpoints" />
			<parameter name="class-path" />
			<server id="${instance-name}" activation="manual" exe="java">
				<option>-Xmn256m</option>
				<option>-Xms1024m</option>
				<option>-Xmx3072m</option>
				<option>-cp</option>
				<option>${class-path}</option>
				<option>com.morefun.XSanGo.TestLogin</option>
				<adapter name="LoginAdapter" endpoints="${login-endpoints}">
					<object identity="${instance-name}.LoginSessionManager"
						type="LoginSessionManager" property="Identity" />
					<object identity="${instance-name}.Gm" type="Gm" property="Identity" />
					<object identity="${instance-name}.Charge" type="Charge"
						property="Identity" />
				</adapter>
				<adapter name="${instance-name}.IceAdmin" endpoints="${admin-endpoints}">

				</adapter>
				<properties>
					<property name="Ice.ThreadPool.Server.Serialize" value="1" />
					<property name="Ice.ThreadPool.Server.Size" value="10" />
					<property name="Ice.ThreadPool.Server.SizeMax" value="20" />
					<property name="Ice.Warn.Connections" value="1" />
					<property name="Ice.Trace.Network" value="0" />
					<property name="Ice.Trace.Protocol" value="0" />
				</properties>
			</server>
		</server-template>

		<server-template id="gm">
			<parameter name="instance-name" default="${application}.gm" />
			<parameter name="admin-endpoints" />
			<server id="${instance-name}" activation="manual" exe="java">
				<adapter name="${instance-name}.AdminAdapter" endpoints="${admin-endpoints}"></adapter>
				<properties>
					<property name="Ice.ThreadPool.Server.Serialize" value="1" />
					<property name="Ice.ThreadPool.Server.Size" value="10" />
					<property name="Ice.ThreadPool.Server.SizeMax" value="20" />
					<property name="Ice.Warn.Connections" value="1" />
					<property name="Ice.Trace.Network" value="1" />
					<property name="Ice.Trace.Protocol" value="0" />
				</properties>
			</server>
		</server-template>

		<server-template id="icepatch2server">
			<parameter name="instance-name" default="IcePatch2Server" />
			<parameter name="file-path" />
			<parameter name="port" />
			<server id="${instance-name}" activation="manual" exe="icepatch2server">
				<option>${file-path}</option>
				<properties>
					<property name="IcePatch2.Endpoints" value="tcp -p ${port}" />
				</properties>
			</server>
		</server-template>

		<server-template id="shell">
			<parameter name="instance-name" default="ShellServer" />
			<parameter name="cmd" />
			<server id="${instance-name}" activation="manual" exe="sh">
				<option>${cmd}</option>
			</server>
		</server-template>
        
        <node name="node-0">
                        <server-instance template="center" instance-name="Center" class-path="/home/xsango/center/lib/*:/home/xsango/center"
                                login-endpoints="tcp -p 20000" admin-endpoints="tcp -p 21000" />

                        <server-instance template="Glacier2" instance-name="620001.Glacier2"
                                client-endpoints="tcp -p 30001" server-endpoints="tcp -p 31001"
                                session-manager="620001.GameSessionManager:tcp -p 20001"
                                permissions-verifier="620001.GamePermissionsVerifier:tcp -p 20001">
                        </server-instance>

                        <server-instance template="game_server"
                                instance-name="620001" game-endpoints="tcp -p 20001" game-path="/home/xsango/game/lib/*:/home/xsango/game"
                                admin-endpoints="tcp -h 192.168.108.208" />

                </node>
        
	</application>
</icegrid>
